emp_id,emp_name,emp_age,emp_location,department_id
1001,emp_name1,25,pune,1
1002,emp_name2,24,nagpur,2
1003,emp_name3,28,dehli,3
1004,emp_name4,30,hydrabad,4
1005,emp_name5,23,banglor,5
1006,emp_name6,29,noida,6
1007,emp_name7,35,panjab,7
1008,emp_name8,36,nagpur,8
1009,emp_name9,25,navi mumbai,9
1010,emp_name10,40,kolkata,10
1011,emp_name1,38,pune,11
1012,emp_name12,42,lakahni,12
1013,emp_name13,55,bhandara,13
1014,emp_name14,45,jaipur,14
1015,emp_name15,50,surat,15
1016,emp_name16,30,hariyana,16
1017,emp_name17,22,pune,17
1018,emp_name18,37,mumbai,18
1019,emp_name19,52,banglor,19
1020,emp_name20,39,hydrabad,20
1021,emp_name21,25,pune,1
1022,emp_name22,34,nagpur,2
1023,emp_name23,58,surat,3
1024,emp_name24,32,hydrabad,4
1025,emp_name25,23,banglor,5
1026,emp_name26,29,noida,6
1027,emp_name27,45,banglor,7
1028,emp_name28,36,nagpur,8
1029,emp_name29,25,mumbai,9
1030,emp_name30,40,kolkata,10
1031,emp_name31,15,pune,11
1032,emp_name32,24,pune,12
1033,emp_name33,12,bhandara,13
1034,emp_name34,15,jaipur,14
1035,emp_name35,50,surat,15
1036,emp_name36,30,hariyana,16
1037,emp_name37,22,pune,17
1038,emp_name38,37,mumbai,18
1039,emp_name39,52,banglor,19
1040,emp_name20,39,hydrabad,20
1041,emp_name41,35,pune,1
1042,emp_name42,24,nagpur,2
1043,emp_name43,28,dehli,3
1044,emp_name44,30,jaipur,4
1045,emp_name45,43,kolkata,5
1046,emp_name46,29,noida,6
1047,emp_name47,35,panjab,7
1048,emp_name48,36,nagpur,8
1049,emp_name49,25,navi mumbai,9
1050,emp_name50,40,kolkata,10
1051,emp_name61,44,mumbai,11
1052,emp_name52,62,hydrabad,12
1053,emp_name53,55,bhandara,13
1054,emp_name54,45,jaipur,14
1055,emp_name55,50,surat,15
1056,emp_name56,30,hariyana,16
1057,emp_name57,22,pune,17
1058,emp_name58,37,mumbai,18
1059,emp_name59,52,banglor,19
1060,emp_name60,39,hydrabad,20
1061,emp_name61,35,kolkata,1
1062,emp_name62,44,banglor,2
1063,emp_name63,48,lakhani,3
1064,emp_name64,45,jaipur,4
1065,emp_name65,50,surat,5
1066,emp_name66,30,hariyana,6
1067,emp_name67,22,pune,7
1068,emp_name68,37,mumbai,8
1069,emp_name69,52,banglor,9
1070,emp_name89,52,banglor,10
1071,emp_name71,45,sangli,11
1072,emp_name72,24,goa,12
1073,emp_name73,28,dehli,13
1074,emp_name74,36,jaipur,14
1075,emp_name75,43,kolkata,15
1076,emp_name76,44,panjab,16
1077,emp_name77,25,amritsar,17
1078,emp_name78,36,nagpur,18
1079,emp_name79,25,navi mumbai,19
1080,emp_name50,47,pune,20
1081,emp_name81,54,mumbai,1
1082,emp_name82,48,hydrabad,2
1083,emp_name83,45,bhandara,3
1084,emp_name84,45,jaipur,4
1085,emp_name85,50,surat,5
1086,emp_name86,30,hariyana,6
1087,emp_name87,22,pune,7
1088,emp_name88,37,mumbai,8
1089,emp_name89,52,banglor,9
1090,emp_name90,39,hydrabad,10
1091,emp_name91,35,goa,11
1092,emp_name92,34,banglor,12
1093,emp_name93,48,hydrabad,13
1094,emp_name94,45,jaipur,14
1095,emp_name95,52,surat,15
1096,emp_name96,30,hariyana,16
1097,emp_name97,22,pune,17
1098,emp_name98,37,mumbai,18
1099,emp_name99,52,banglor,19
1100,emp_name100,52,banglor,20
1101,emp_name101,29,nagpur,1
1102,emp_name102,34,patna,2
1103,emp_name103,28,dehli,3
1104,emp_name104,30,hydrabad,4
1105,emp_name105,23,banglor,5
1106,emp_name106,29,noida,6
1107,emp_name107,35,surat,7
1108,emp_name108,36,nagpur,8
1109,emp_name109,25,navi mumbai,9
1110,emp_name110,40,kolkata,10
1111,emp_name111,38,pune,11
1112,emp_name112,42,lakahni,12
1113,emp_name113,55,bhandara,13
1114,emp_name114,45,jaipur,14
1115,emp_name115,50,surat,15
1116,emp_name116,30,hariyana,16
1117,emp_name117,22,pune,17
1118,emp_name118,37,mumbai,18
1119,emp_name119,52,navi mumbai,19
1120,emp_name120,39,hydrabad,20
1121,emp_name121,25,pune,1
1122,emp_name122,34,nagpur,2
1123,emp_name123,58,surat,3
1124,emp_name124,32,hydrabad,4
1125,emp_name125,23,banglor,5
1126,emp_name126,29,noida,6
1127,emp_name127,45,banglor,7
1128,emp_name128,36,nagpur,8
1129,emp_name129,25,mumbai,9
1130,emp_name130,40,kolkata,10
1131,emp_name131,35,pune,11
1132,emp_name132,44,pune,12
1133,emp_name133,55,bhandara,13
1134,emp_name134,45,jaipur,14
1135,emp_name135,50,surat,15
1136,emp_name136,30,hariyana,16
1137,emp_name137,22,pune,17
1138,emp_name138,37,mumbai,18
1139,emp_name139,52,banglor,19
1140,emp_name140,39,hydrabad,20
1141,emp_name141,75,pune,1
1142,emp_name142,24,nagpur,2
1143,emp_name143,28,dehli,3
1144,emp_name144,30,jaipur,4
1145,emp_name145,43,kolkata,5
1146,emp_name146,29,noida,6
1147,emp_name147,35,panjab,7
1148,emp_name148,36,nagpur,8
1149,emp_name149,25,navi mumbai,9
1150,emp_name150,40,kolkata,10
1151,emp_name161,54,mumbai,11
1152,emp_name152,42,hydrabad,12
1153,emp_name153,55,bhandara,13
1154,emp_name154,45,jaipur,14
1155,emp_name155,50,surat,15
1156,emp_name156,30,hariyana,16
1157,emp_name157,22,pune,17
1158,emp_name158,37,mumbai,18
1159,emp_name159,52,banglor,19
1160,emp_name160,39,hydrabad,20
1161,emp_name151,35,kolkata,1
1162,emp_name162,44,banglor,2
1163,emp_name163,48,lakhani,3
1164,emp_name164,45,jaipur,4
1165,emp_name165,50,surat,5
1166,emp_name166,30,hariyana,6
1167,emp_name167,22,pune,7
1168,emp_name168,37,mumbai,8
1169,emp_name169,52,banglor,9
1170,emp_name170,52,banglor,10
1171,emp_name171,45,sangli,11
1172,emp_name172,24,goa,12
1173,emp_name173,28,dehli,13
1174,emp_name174,36,jaipur,14
1175,emp_name175,43,kolkata,15
1176,emp_name176,44,panjab,16
1177,emp_name177,25,amritsar,17
1178,emp_name178,36,nagpur,18
1179,emp_name179,25,navi mumbai,19
1180,emp_name180,47,pune,20
1181,emp_name181,54,mumbai,1
1182,emp_name182,42,hydrabad,2
1183,emp_name183,45,bhandara,3
1184,emp_name184,45,jaipur,4
1185,emp_name185,50,surat,5
1186,emp_name186,30,hariyana,6
1187,emp_name187,22,pune,7
1188,emp_name188,37,mumbai,8
1189,emp_name189,52,banglor,9
1190,emp_name190,39,hydrabad,10
1191,emp_name191,75,goa,11
1192,emp_name192,64,banglor,12
1193,emp_name193,48,hydrabad,13
1194,emp_name194,45,jaipur,14
1195,emp_name195,52,surat,15
1196,emp_name196,30,hariyana,16
1197,emp_name197,22,pune,17
1198,emp_name198,37,mumbai,18
1199,emp_name199,52,banglor,19
1200,emp_name200,52,banglor,20
1201,emp_name201,39,Bhandara,1
1202,emp_name202,34,patna,2
1203,emp_name203,68,banglor,3
1204,emp_name204,61,hydrabad,4
1205,emp_name205,33,banglor,5
1206,emp_name206,47,noida,6
1207,emp_name207,35,surat,7
1208,emp_name208,36,nagpur,8
1209,emp_name209,25,navi mumbai,9
1210,emp_name210,40,kolkata,10
1211,emp_name211,38,pune,11
1212,emp_name212,42,lakahni,12
1213,emp_name213,55,bhandara,13
1214,emp_name214,45,jaipur,14
1215,emp_name215,50,surat,15
1216,emp_name126,30,hariyana,16
1217,emp_name117,22,pune,17
1218,emp_name218,17,mumbai,18
1219,emp_name219,52,navi mumbai,19
1220,emp_name220,77,hydrabad,20
1221,emp_name221,25,pune,1
1222,emp_name222,64,nagpur,2
1223,emp_name223,58,surat,3
1224,emp_name224,32,hydrabad,4
1225,emp_name225,23,banglor,5
1226,emp_name226,29,noida,6
1227,emp_name227,45,banglor,7
1228,emp_name228,36,nagpur,8
1229,emp_name229,25,mumbai,9
1230,emp_name230,40,kolkata,10
1231,emp_name231,35,pune,11
1232,emp_name232,44,pune,12
1233,emp_name233,55,bhandara,13
1234,emp_name234,45,jaipur,14
1235,emp_name235,50,surat,15
1236,emp_name236,30,hariyana,16
1237,emp_name237,22,pune,17
1238,emp_name238,37,mumbai,18
1239,emp_name239,52,banglor,19
1240,emp_name240,39,hydrabad,20
1241,emp_name241,75,pune,1
1242,emp_name242,24,nagpur,2
1243,emp_name243,28,dehli,3
1244,emp_name244,30,jaipur,4
1245,emp_name245,43,kolkata,5
1246,emp_name246,29,noida,6
1247,emp_name247,35,panjab,7
1248,emp_name248,36,nagpur,8
1249,emp_name249,25,navi mumbai,9
1250,emp_name250,40,kolkata,10
1251,emp_name251,54,mumbai,11
1252,emp_name152,42,hydrabad,12
1253,emp_name253,55,bhandara,13
1254,emp_name254,45,jaipur,14
1255,emp_name255,50,surat,15
1256,emp_name256,30,hariyana,16
1257,emp_name257,22,pune,17
1258,emp_name258,37,mumbai,18
1259,emp_name259,52,banglor,19
1260,emp_name260,39,hydrabad,20
1261,emp_name261,35,kolkata,1
1262,emp_name262,44,banglor,2
1263,emp_name263,48,lakhani,3
1264,emp_name264,45,jaipur,4
1265,emp_name265,50,surat,5
1266,emp_name266,30,hariyana,6
1267,emp_name267,22,pune,7
1268,emp_name268,37,mumbai,8
1269,emp_name269,52,banglor,9
1270,emp_name270,52,banglor,10
1271,emp_name271,45,sangli,11
1272,emp_name272,24,goa,12
1273,emp_name273,28,dehli,13
1274,emp_name274,36,jaipur,14
1275,emp_name275,43,kolkata,15
1276,emp_name276,44,panjab,16
1277,emp_name277,25,amritsar,17
1278,emp_name278,36,nagpur,18
1279,emp_name279,25,navi mumbai,19
1280,emp_name280,47,pune,20
1281,emp_name281,54,mumbai,1
1282,emp_name282,42,hydrabad,2
1283,emp_name283,45,bhandara,3
1284,emp_name284,45,jaipur,4
1285,emp_name285,50,surat,5
1286,emp_name286,30,hariyana,6
1287,emp_name287,22,pune,7
1288,emp_name288,37,mumbai,8
1289,emp_name289,52,banglor,9
1290,emp_name290,39,hydrabad,10
1291,emp_name291,75,goa,11
1292,emp_name292,64,banglor,12
1293,emp_name293,48,hydrabad,13
1294,emp_name294,45,jaipur,14
1295,emp_name295,52,surat,15
1296,emp_name296,30,hariyana,16
1297,emp_name297,22,pune,17
1298,emp_name298,37,mumbai,18
1299,emp_name299,52,banglor,19
1300,emp_name200,52,banglor,20
1301,emp_name301,39,Bhandara,1
1302,emp_name302,34,patna,2
1303,emp_name303,68,banglor,3
1304,emp_name304,61,hydrabad,4
1305,emp_name305,33,banglor,5
1306,emp_name306,47,noida,6
1307,emp_name307,35,surat,7
1308,emp_name308,36,nagpur,8
1309,emp_name309,25,navi mumbai,9
1310,emp_name310,40,kolkata,10
1311,emp_name311,38,pune,11
1312,emp_name312,42,lakahni,12
1313,emp_name313,55,bhandara,13
1314,emp_name314,45,jaipur,14
1315,emp_name315,50,surat,15
1316,emp_name326,30,hariyana,16
1317,emp_name317,22,pune,17
1318,emp_name318,17,mumbai,18
1319,emp_name319,52,navi mumbai,19
1320,emp_name320,77,hydrabad,20
1321,emp_name321,25,pune,1
1322,emp_name322,64,nagpur,2
1323,emp_name323,58,surat,3
1324,emp_name324,32,hydrabad,4
1325,emp_name325,23,banglor,5
1326,emp_name326,29,noida,6
1327,emp_name327,45,banglor,7
1328,emp_name328,36,nagpur,8
1329,emp_name329,25,mumbai,9
1330,emp_name330,40,kolkata,10
1331,emp_name331,35,pune,11
1332,emp_name332,44,pune,12
1333,emp_name333,55,bhandara,13
1334,emp_name334,45,jaipur,14
1335,emp_name335,50,surat,15
1336,emp_name336,30,hariyana,16
1337,emp_name337,22,pune,17
1338,emp_name338,37,mumbai,18
1339,emp_name339,52,banglor,19
1340,emp_name340,39,hydrabad,20
1341,emp_name341,75,pune,1
1342,emp_name342,24,nagpur,2
1343,emp_name343,28,dehli,3
1344,emp_name344,30,jaipur,4
1345,emp_name345,43,kolkata,5
1346,emp_name346,29,noida,6
1347,emp_name347,35,panjab,7
1348,emp_name348,36,nagpur,8
1349,emp_name349,25,navi mumbai,9
1350,emp_name350,40,kolkata,10
1351,emp_name351,54,mumbai,11
1352,emp_name352,42,hydrabad,12
1353,emp_name353,55,bhandara,13
1354,emp_name354,45,jaipur,14
1355,emp_name355,50,surat,15
1356,emp_name356,30,hariyana,16
1357,emp_name357,22,pune,17
1358,emp_name358,37,mumbai,18
1359,emp_name359,52,banglor,19
1360,emp_name360,39,hydrabad,20
1361,emp_name261,35,kolkata,1
1362,emp_name362,44,banglor,2
1363,emp_name363,48,lakhani,3
1364,emp_name364,45,jaipur,4
1365,emp_name365,50,surat,5
1366,emp_name366,30,hariyana,6
1367,emp_name367,22,pune,7
1368,emp_nam368,37,mumbai,8
1369,emp_name369,52,banglor,9
1370,emp_name370,52,banglor,10
1371,emp_name371,45,sangli,11
1372,emp_name372,24,goa,12
1373,emp_name373,28,dehli,13
1374,emp_name374,36,jaipur,14
1375,emp_name375,43,kolkata,15
1376,emp_name376,44,panjab,16
1377,emp_name377,25,amritsar,17
1378,emp_name378,36,nagpur,18
1379,emp_name379,25,navi mumbai,19
1380,emp_name380,47,pune,20
1381,emp_name381,54,mumbai,1
1382,emp_name382,42,hydrabad,2
1383,emp_name383,45,bhandara,3
1384,emp_name384,45,jaipur,4
1385,emp_name385,50,surat,5
1386,emp_name386,30,hariyana,6
1387,emp_name387,22,pune,7
1388,emp_name388,37,mumbai,8
1389,emp_name389,52,banglor,9
1390,emp_name390,39,hydrabad,10
1391,emp_name391,75,goa,11
1392,emp_name392,64,banglor,12
1393,emp_name393,48,hydrabad,13
1394,emp_name394,45,jaipur,14
1395,emp_name395,52,surat,15
1396,emp_name396,30,hariyana,16
1397,emp_name397,22,pune,17
1398,emp_name398,37,mumbai,18
1399,emp_name399,52,banglor,19
1400,emp_name400,52,banglor,20
1401,emp_name401,39,Bhandara,1
1402,emp_name402,34,patna,2
1403,emp_name403,68,banglor,3
1404,emp_name404,61,hydrabad,4
1405,emp_name405,33,banglor,5
1406,emp_name406,47,noida,6
1407,emp_name307,35,surat,7
1408,emp_name408,36,nagpur,8
1409,emp_name309,25,navi mumbai,9
1410,emp_name410,40,kolkata,10
1411,emp_name411,38,pune,11
1412,emp_name412,42,lakahni,12
1413,emp_name413,55,bhandara,13
1414,emp_name414,45,jaipur,14
1415,emp_name415,50,surat,15
1416,emp_nam426,30,hariyana,16
1417,emp_name417,22,pune,17
1418,emp_name318,17,mumbai,18
1419,emp_name419,52,navi mumbai,19
1420,emp_name420,77,hydrabad,20
1421,emp_name421,25,pune,1
1422,emp_name422,64,nagpur,2
1423,emp_name423,58,surat,3
1424,emp_name424,32,hydrabad,4
1425,emp_name425,23,banglor,5
1426,emp_name426,29,noida,6
1427,emp_name427,45,banglor,7
1428,emp_name328,36,nagpur,8
1429,emp_name429,25,mumbai,9
1430,emp_name430,40,kolkata,10
1431,emp_name431,35,pune,11
1432,emp_name432,44,pune,12
1433,emp_name433,55,bhandara,13
1434,emp_name434,45,jaipur,14
1435,emp_name435,50,surat,15
1436,emp_name436,30,hariyana,16
1437,emp_name437,22,pune,17
1438,emp_name438,37,mumbai,18
1439,emp_name439,52,banglor,19
1440,emp_name440,39,hydrabad,20
1441,emp_name441,75,pune,1
1442,emp_name442,24,nagpur,2
1443,emp_name443,28,dehli,3
1444,emp_name444,30,jaipur,4
1445,emp_name445,43,kolkata,5
1446,emp_name446,29,noida,6
1447,emp_name447,35,panjab,7
1448,emp_name448,36,nagpur,8
1449,emp_name449,25,navi mumbai,9
1450,emp_name450,40,kolkata,10
1451,emp_name451,54,mumbai,11
1452,emp_name452,42,hydrabad,12
1453,emp_name453,55,bhandara,13
1454,emp_name454,45,jaipur,14
1455,emp_name455,50,surat,15
1456,emp_name456,30,hariyana,16
1457,emp_name457,22,pune,17
1458,emp_name458,37,mumbai,18
1459,emp_name459,52,banglor,19
1460,emp_name460,39,hydrabad,20
1461,emp_name461,35,kolkata,1
1462,emp_name462,44,banglor,2
1463,emp_name463,48,lakhani,3
1464,emp_name464,45,jaipur,4
1465,emp_name465,50,surat,5
1466,emp_name466,30,hariyana,6
1467,emp_name467,22,pune,7
1468,emp_nam468,37,mumbai,8
1469,emp_name469,52,banglor,9
1470,emp_name470,52,banglor,10
1471,emp_name471,45,sangli,11
1472,emp_name472,24,goa,12
1473,emp_name473,28,dehli,13
1474,emp_name474,36,jaipur,14
1475,emp_name475,43,kolkata,15
1476,emp_name476,44,panjab,16
1477,emp_name477,25,amritsar,17
1478,emp_name478,36,nagpur,18
1479,emp_name479,25,navi mumbai,19
1480,emp_name480,47,pune,20
1481,emp_name481,54,mumbai,1
1482,emp_name482,42,hydrabad,2
1483,emp_name483,45,bhandara,3
1484,emp_name484,45,jaipur,4
1485,emp_name485,50,surat,5
1486,emp_name486,30,hariyana,6
1487,emp_name487,22,pune,7
1488,emp_name488,37,mumbai,8
1489,emp_name489,52,banglor,9
1490,emp_name490,39,hydrabad,10
1491,emp_name491,75,goa,11
1492,emp_name492,64,banglor,12
1493,emp_name493,48,hydrabad,13
1494,emp_name494,45,jaipur,14
1495,emp_name495,52,surat,15
1496,emp_name496,30,hariyana,16
1497,emp_name497,22,pune,17
1498,emp_name498,37,mumbai,18
1499,emp_name499,52,banglor,19
1500,emp_name500,52,banglor,20
1501,emp_name501,39,Bhandara,1
1502,emp_name502,34,patna,2
1503,emp_name503,68,banglor,3
1504,emp_name504,61,hydrabad,4
1505,emp_name505,33,banglor,5
1506,emp_name506,47,noida,6
1507,emp_name507,35,surat,7
1508,emp_name508,36,nagpur,8
1509,emp_name509,25,navi mumbai,9
1510,emp_name510,40,kolkata,10
1511,emp_name511,38,pune,11
1512,emp_name512,42,lakahni,12
1513,emp_name513,55,bhandara,13
1514,emp_name514,45,jaipur,14
1515,emp_name515,50,surat,15
1516,emp_nam516,30,hariyana,16
1517,emp_name517,22,pune,17
1518,emp_name518,17,mumbai,18
1519,emp_name519,52,navi mumbai,19
1520,emp_name520,77,hydrabad,20
1521,emp_name521,25,pune,1
1522,emp_name522,64,nagpur,2
1523,emp_name523,58,surat,3
1524,emp_name524,32,hydrabad,4
1525,emp_name525,23,banglor,5
1526,emp_name526,29,noida,6
1527,emp_name527,45,banglor,7
1528,emp_name528,36,nagpur,8
1529,emp_name529,25,mumbai,9
1530,emp_name530,40,kolkata,10
1531,emp_name531,35,pune,11
1532,emp_name532,44,pune,12
1533,emp_name533,55,bhandara,13
1534,emp_name534,45,jaipur,14
1535,emp_name535,50,surat,15
1536,emp_name436,30,hariyana,16
1537,emp_name537,22,pune,17
1538,emp_name538,37,mumbai,18
1539,emp_name539,52,banglor,19
1540,emp_name540,39,hydrabad,20
1541,emp_name541,75,pune,1
1542,emp_name542,24,nagpur,2
1543,emp_name543,28,dehli,3
1544,emp_name544,30,jaipur,4
1545,emp_name545,43,kolkata,5
1546,emp_name546,29,noida,6
1547,emp_name547,35,panjab,7
1548,emp_name548,36,nagpur,8
1549,emp_name549,25,navi mumbai,9
1550,emp_name550,40,kolkata,10
1551,emp_name551,54,mumbai,11
1552,emp_name552,42,hydrabad,12
1553,emp_name553,55,bhandara,13
1554,emp_name554,45,jaipur,14
1555,emp_name555,50,surat,15
1556,emp_name556,30,hariyana,16
1557,emp_name557,22,pune,17
1558,emp_name558,37,mumbai,18
1559,emp_name559,52,banglor,19
1560,emp_name560,39,hydrabad,20
1561,emp_name561,35,kolkata,1
1562,emp_name562,44,banglor,2
1563,emp_name563,48,lakhani,3
1564,emp_name564,45,jaipur,4
1565,emp_name565,50,surat,5
1566,emp_name566,30,hariyana,6
1567,emp_name567,22,pune,7
1568,emp_nam568,37,mumbai,8
1569,emp_name569,52,banglor,9
1570,emp_name570,52,banglor,10
1571,emp_name571,45,sangli,11
1572,emp_name572,24,goa,12
1573,emp_name573,28,dehli,13
1574,emp_name574,36,jaipur,14
1575,emp_name575,43,kolkata,15
1576,emp_name576,44,panjab,16
1577,emp_name577,25,amritsar,17
1578,emp_name578,36,nagpur,18
1579,emp_name579,25,navi mumbai,19
1580,emp_name580,47,pune,20
1581,emp_name581,54,mumbai,1
1582,emp_name582,42,hydrabad,2
1583,emp_name583,45,bhandara,3
1584,emp_name584,45,jaipur,4
1585,emp_name585,50,surat,5
1586,emp_name586,30,hariyana,6
1587,emp_name587,22,pune,7
1588,emp_name588,37,mumbai,8
1589,emp_name589,52,banglor,9
1590,emp_name590,39,hydrabad,10
1591,emp_name591,75,goa,11
1592,emp_name592,64,banglor,12
1593,emp_name593,48,hydrabad,13
1594,emp_name594,45,jaipur,14
1595,emp_name595,52,surat,15
1596,emp_name596,30,hariyana,16
1597,emp_name597,22,pune,17
1598,emp_name598,37,mumbai,18
1599,emp_name599,52,banglor,19
1600,emp_name500,52,banglor,20
1601,emp_name601,39,Bhandara,1
1602,emp_name602,34,patna,2
1603,emp_name603,68,banglor,3
1604,emp_name604,61,hydrabad,4
1605,emp_name605,33,banglor,5
1606,emp_name606,47,noida,6
1607,emp_name607,35,surat,7
1608,emp_name608,36,nagpur,8
1609,emp_name609,25,navi mumbai,9
1610,emp_name610,40,kolkata,10
1611,emp_name611,38,pune,11
1612,emp_name612,42,lakahni,12
1613,emp_name613,55,bhandara,13
1614,emp_name614,45,jaipur,14
1615,emp_name615,50,surat,15
1616,emp_nam616,30,hariyana,16
1617,emp_name617,22,pune,17
1618,emp_name618,17,mumbai,18
1619,emp_name619,52,navi mumbai,19
1620,emp_name620,77,hydrabad,20
1621,emp_name621,25,pune,1
1622,emp_name622,64,nagpur,2
1623,emp_name623,58,surat,3
1624,emp_name624,32,hydrabad,4
1625,emp_name625,23,banglor,5
1626,emp_name626,29,noida,6
1627,emp_name627,45,banglor,7
1628,emp_name628,36,nagpur,8
1629,emp_name529,25,mumbai,9
1630,emp_name630,40,kolkata,10
1631,emp_name631,35,pune,11
1632,emp_name632,44,pune,12
1633,emp_name633,55,bhandara,13
1634,emp_name634,45,jaipur,14
1635,emp_name635,50,surat,15
1636,emp_name636,30,hariyana,16
1637,emp_name637,22,pune,17
1638,emp_name638,37,mumbai,18
1639,emp_name639,52,banglor,19
1640,emp_name640,39,hydrabad,20
1641,emp_name641,75,pune,1
1642,emp_name642,24,nagpur,2
1643,emp_name643,28,dehli,3
1644,emp_name644,30,jaipur,4
1645,emp_name645,43,kolkata,5
1646,emp_name546,29,noida,6
1647,emp_name647,35,panjab,7
1648,emp_name648,36,nagpur,8
1649,emp_name649,25,navi mumbai,9
1650,emp_name650,40,kolkata,10
1651,emp_name651,54,mumbai,11
1652,emp_name652,42,hydrabad,12
1653,emp_name653,55,bhandara,13
1654,emp_name654,45,jaipur,14
1655,emp_name655,50,surat,15
1656,emp_name656,30,hariyana,16
1657,emp_name657,22,pune,17
1658,emp_name658,37,mumbai,18
1659,emp_name659,52,banglor,19
1660,emp_name660,39,hydrabad,20
1661,emp_name661,35,kolkata,1
1662,emp_name662,44,banglor,2
1663,emp_name663,48,lakhani,3
1664,emp_name664,45,jaipur,4
1665,emp_name665,50,surat,5
1666,emp_name666,30,hariyana,6
1667,emp_name667,22,pune,7
1668,emp_nam668,37,mumbai,8
1669,emp_name669,52,banglor,9
1670,emp_name670,52,banglor,10
1671,emp_name671,45,sangli,11
1672,emp_name672,24,goa,12
1673,emp_name673,28,dehli,13
1674,emp_name674,36,jaipur,14
1675,emp_name675,43,kolkata,15
1676,emp_name676,44,panjab,16
1677,emp_name677,25,amritsar,17
1678,emp_name578,36,nagpur,18
1679,emp_name679,25,navi mumbai,19
1680,emp_name680,47,pune,20
1681,emp_name681,54,mumbai,1
1682,emp_name682,42,hydrabad,2
1683,emp_name683,45,bhandara,3
1684,emp_name684,45,jaipur,4
1685,emp_name685,50,surat,5
1686,emp_name686,30,hariyana,6
1687,emp_name687,22,pune,7
1688,emp_name688,37,mumbai,8
1689,emp_name689,52,banglor,9
1690,emp_name690,39,hydrabad,10
1691,emp_name691,75,goa,11
1692,emp_name692,64,banglor,12
1693,emp_name693,48,hydrabad,13
1694,emp_name694,45,jaipur,14
1695,emp_name695,52,surat,15
1696,emp_name696,30,hariyana,16
1697,emp_name697,22,pune,17
1698,emp_name698,37,mumbai,18
1699,emp_name699,52,banglor,19
1700,emp_name700,52,banglor,20
1701,emp_name701,39,Bhandara,1
1702,emp_name602,34,patna,2
1703,emp_name703,68,banglor,3
1704,emp_name704,61,hydrabad,4
1705,emp_name705,33,banglor,5
1706,emp_name706,47,noida,6
1707,emp_name707,35,surat,7
1708,emp_name708,36,nagpur,8
1709,emp_name709,25,navi mumbai,9
1710,emp_name710,40,kolkata,10
1711,emp_name711,38,pune,11
1712,emp_name712,42,lakahni,12
1713,emp_name713,55,bhandara,13
1714,emp_name714,45,jaipur,14
1715,emp_name715,50,surat,15
1716,emp_nam716,30,hariyana,16
1717,emp_name717,22,pune,17
1718,emp_name718,17,mumbai,18
1719,emp_name719,52,navi mumbai,19
1720,emp_name720,77,hydrabad,20
1721,emp_name721,25,pune,1
1722,emp_name722,64,nagpur,2
1723,emp_name723,58,surat,3
1724,emp_name724,32,hydrabad,4
1725,emp_name625,23,banglor,5
1726,emp_name726,29,noida,6
1727,emp_name727,45,banglor,7
1728,emp_name728,36,nagpur,8
1729,emp_name729,25,mumbai,9
1730,emp_name730,40,kolkata,10
1731,emp_name731,35,pune,11
1732,emp_name732,44,pune,12
1733,emp_name733,55,bhandara,13
1734,emp_name734,45,jaipur,14
1735,emp_name735,50,surat,15
1736,emp_name736,30,hariyana,16
1737,emp_name737,22,pune,17
1738,emp_name738,37,mumbai,18
1739,emp_name739,52,banglor,19
1740,emp_name740,39,hydrabad,20
1741,emp_name771,75,pune,1
1742,emp_name742,24,nagpur,2
1743,emp_name743,28,dehli,3
1744,emp_name744,30,jaipur,4
1745,emp_name745,43,kolkata,5
1746,emp_name746,29,noida,6
1747,emp_name747,35,panjab,7
1748,emp_name748,36,nagpur,8
1749,emp_name649,25,navi mumbai,9
1750,emp_name750,40,kolkata,10
1751,emp_name751,54,mumbai,11
1752,emp_name752,42,hydrabad,12
1753,emp_name753,55,bhandara,13
1754,emp_name754,45,jaipur,14
1755,emp_name755,50,surat,15
1756,emp_name756,30,hariyana,16
1757,emp_name757,22,pune,17
1758,emp_name758,37,mumbai,18
1759,emp_name759,52,banglor,19
1760,emp_name760,39,hydrabad,20
1761,emp_name761,35,kolkata,1
1762,emp_name762,44,banglor,2
1763,emp_name763,48,lakhani,3
1764,emp_name764,45,jaipur,4
1765,emp_name765,50,surat,5
1766,emp_name766,30,hariyana,6
1767,emp_name767,22,pune,7
1768,emp_nam768,37,mumbai,8
1769,emp_name769,52,banglor,9
1770,emp_name770,52,banglor,10
1771,emp_name771,45,sangli,11
1772,emp_name772,24,goa,12
1773,emp_name773,28,dehli,13
1774,emp_name774,36,jaipur,14
1775,emp_name775,43,kolkata,15
1776,emp_name676,44,panjab,16
1777,emp_name777,25,amritsar,17
1778,emp_name778,36,nagpur,18
1779,emp_name779,25,navi mumbai,19
1780,emp_name780,47,pune,20
1781,emp_name781,54,mumbai,1
1782,emp_name782,42,hydrabad,2
1783,emp_name783,45,bhandara,3
1784,emp_name784,45,jaipur,4
1785,emp_name785,50,surat,5
1786,emp_name686,30,hariyana,6
1787,emp_name787,22,pune,7
1788,emp_name788,37,mumbai,8
1789,emp_name789,52,banglor,9
1790,emp_name790,39,hydrabad,10
1791,emp_name791,75,goa,11
1792,emp_name792,64,banglor,12
1793,emp_name793,48,hydrabad,13
1794,emp_name794,45,jaipur,14
1795,emp_name795,52,surat,15
1796,emp_name796,30,hariyana,16
1797,emp_name797,22,pune,17
1798,emp_name798,37,mumbai,18
1799,emp_name799,52,banglor,19
1800,emp_name800,52,banglor,20
1801,emp_name801,39,Bhandara,1
1802,emp_name802,34,patna,2
1803,emp_name803,68,banglor,3
1804,emp_name804,61,hydrabad,4
1805,emp_name805,33,banglor,5
1806,emp_name806,47,noida,6
1807,emp_name807,35,surat,7
1808,emp_name808,36,nagpur,8
1809,emp_name809,25,navi mumbai,9
1810,emp_name810,40,kolkata,10
1811,emp_name811,38,pune,11
1812,emp_name812,42,lakahni,12
1813,emp_name813,55,bhandara,13
1814,emp_name814,45,jaipur,14
1815,emp_name815,50,surat,15
1816,emp_nam816,30,hariyana,16
1817,emp_name817,22,pune,17
1818,emp_name818,17,mumbai,18
1819,emp_name819,52,navi mumbai,19
1820,emp_name820,77,hydrabad,20
1821,emp_name821,25,pune,1
1822,emp_name822,64,nagpur,2
1823,emp_name823,58,surat,3
1824,emp_name824,32,hydrabad,4
1825,emp_name825,23,banglor,5
1826,emp_name826,29,noida,6
1827,emp_name827,45,banglor,7
1828,emp_name728,36,nagpur,8
1829,emp_name829,25,mumbai,9
1830,emp_name830,40,kolkata,10
1831,emp_name831,35,pune,11
1832,emp_name832,44,pune,12
1833,emp_name833,55,bhandara,13
1834,emp_name834,45,jaipur,14
1835,emp_name835,50,surat,15
1836,emp_name836,30,hariyana,16
1837,emp_name837,22,pune,17
1838,emp_name838,37,mumbai,18
1839,emp_name839,52,banglor,19
1840,emp_name840,39,hydrabad,20
1841,emp_name841,75,pune,1
1842,emp_name842,24,nagpur,2
1843,emp_name843,28,dehli,3
1844,emp_name844,30,jaipur,4
1845,emp_name845,43,kolkata,5
1846,emp_name846,29,noida,6
1847,emp_name847,35,panjab,7
1848,emp_name848,36,nagpur,8
1849,emp_name849,25,navi mumbai,9
1850,emp_name850,40,kolkata,10
1851,emp_name851,54,mumbai,11
1852,emp_name852,42,hydrabad,12
1853,emp_name853,55,bhandara,13
1854,emp_name854,45,jaipur,14
1855,emp_name855,50,surat,15
1856,emp_name856,30,hariyana,16
1857,emp_name857,22,pune,17
1858,emp_name858,37,mumbai,18
1859,emp_name859,52,banglor,19
1860,emp_name860,39,hydrabad,20
1861,emp_name861,35,kolkata,1
1862,emp_name862,44,banglor,2
1863,emp_name863,48,lakhani,3
1864,emp_name864,45,jaipur,4
1865,emp_name865,50,surat,5
1866,emp_name866,30,hariyana,6
1867,emp_name867,22,pune,7
1868,emp_nam868,37,mumbai,8
1869,emp_name869,52,banglor,9
1870,emp_name870,52,banglor,10
1871,emp_name871,45,sangli,11
1872,emp_name872,24,goa,12
1873,emp_name873,28,dehli,13
1874,emp_name874,36,jaipur,14
1875,emp_name875,43,kolkata,15
1876,emp_name876,44,panjab,16
1877,emp_name877,25,amritsar,17
1878,emp_name878,36,nagpur,18
1879,emp_name879,25,navi mumbai,19
1880,emp_name880,47,pune,20
1881,emp_name881,54,mumbai,1
1882,emp_name882,42,hydrabad,2
1883,emp_name883,45,bhandara,3
1884,emp_name884,45,jaipur,4
1885,emp_name885,50,surat,5
1886,emp_name886,30,hariyana,6
1887,emp_name887,22,pune,7
1888,emp_name888,37,mumbai,8
1889,emp_name889,52,banglor,9
1890,emp_name890,39,hydrabad,10
1891,emp_name891,75,goa,11
1892,emp_name892,64,banglor,12
1893,emp_name893,48,hydrabad,13
1894,emp_name894,45,jaipur,14
1895,emp_name895,52,surat,15
1896,emp_name896,30,hariyana,16
1897,emp_name897,22,pune,17
1898,emp_name898,37,mumbai,18
1899,emp_name899,52,banglor,19
1900,emp_name900,52,banglor,20
1901,emp_name901,39,Bhandara,1
1902,emp_name902,34,patna,2
1903,emp_name903,68,banglor,3
1904,emp_name904,61,hydrabad,4
1905,emp_name905,33,banglor,5
1906,emp_name906,47,noida,6
1907,emp_name907,35,surat,7
1908,emp_name908,36,nagpur,8
1909,emp_name909,25,navi mumbai,9
1910,emp_name910,40,kolkata,10
1911,emp_name911,38,pune,11
1912,emp_name912,42,lakahni,12
1913,emp_name913,55,bhandara,13
1914,emp_name914,45,jaipur,14
1915,emp_name915,50,surat,15
1916,emp_nam916,30,hariyana,16
1917,emp_name917,22,pune,17
1918,emp_name918,17,mumbai,18
1919,emp_name919,52,navi mumbai,19
1920,emp_name920,77,hydrabad,20
1921,emp_name921,25,pune,1
1922,emp_name922,64,nagpur,2
1923,emp_name923,58,surat,3
1924,emp_name924,32,hydrabad,4
1925,emp_name925,23,banglor,5
1926,emp_name926,29,noida,6
1927,emp_name927,45,banglor,7
1928,emp_name928,36,nagpur,8
1929,emp_name929,25,mumbai,9
1930,emp_name930,40,kolkata,10
1931,emp_name931,35,pune,11
1932,emp_name932,44,pune,12
1933,emp_name933,55,bhandara,13
1934,emp_name934,45,jaipur,14
1935,emp_name935,50,surat,15
1936,emp_name936,30,hariyana,16
1937,emp_name937,22,pune,17
1938,emp_name938,37,mumbai,18
1939,emp_name939,52,banglor,19
1940,emp_name940,39,hydrabad,20
1941,emp_name941,75,pune,1
1942,emp_name942,24,nagpur,2
1943,emp_name943,28,dehli,3
1944,emp_name944,30,jaipur,4
1945,emp_name945,43,kolkata,5
1946,emp_name946,29,noida,6
1947,emp_name947,35,panjab,7
1948,emp_name948,36,nagpur,8
1949,emp_name949,25,navi mumbai,9
1950,emp_name950,40,kolkata,10
1951,emp_name951,54,mumbai,11
1952,emp_name952,42,hydrabad,12
1953,emp_name953,55,bhandara,13
1954,emp_name854,45,jaipur,14
1955,emp_name855,50,surat,15
1956,emp_name956,30,hariyana,16
1957,emp_name957,22,pune,17
1958,emp_name958,37,mumbai,18
1959,emp_name959,52,banglor,19
1960,emp_name860,39,hydrabad,20
1961,emp_name961,35,kolkata,1
1962,emp_name962,44,banglor,2
1963,emp_name963,48,lakhani,3
1964,emp_name964,45,jaipur,4
1965,emp_name965,50,surat,5
1966,emp_name966,30,hariyana,6
1967,emp_name967,22,pune,7
1968,emp_nam968,37,mumbai,8
1969,emp_name969,52,banglor,9
1970,emp_name970,52,banglor,10
1971,emp_name971,45,sangli,11
1972,emp_name972,24,goa,12
1973,emp_name973,28,dehli,13
1974,emp_name974,36,jaipur,14
1975,emp_name975,43,kolkata,15
1976,emp_name976,44,panjab,16
1977,emp_name977,25,amritsar,17
1978,emp_name978,36,nagpur,18
1979,emp_name979,25,navi mumbai,19
1980,emp_name980,47,pune,20
1981,emp_name981,54,mumbai,1
1982,emp_name982,42,hydrabad,2
1983,emp_name983,45,bhandara,3
1984,emp_name984,45,jaipur,4
1985,emp_name985,50,surat,5
1986,emp_name986,30,hariyana,6
1987,emp_name987,22,pune,7
1988,emp_name988,37,mumbai,8
1989,emp_name989,52,banglor,9
1990,emp_name990,39,hydrabad,10
1991,emp_name991,75,goa,11
1992,emp_name992,64,banglor,12
1993,emp_name993,48,hydrabad,13
1994,emp_name994,45,jaipur,14
1995,emp_name995,52,surat,15
1996,emp_name996,30,hariyana,16
1997,emp_name997,22,pune,17
1998,emp_name998,37,mumbai,18
1999,emp_name999,52,banglor,19
2000,emp_name1000,52,banglor,20
